Workbook

Sheet Instructiuni
A1: Cum folosesti acest fisier
A4: Tab | B4: Pentru ce e
A5: Flashcards | B5: Lista completa de fraze. Coloana 'Stiut?' este interactiva: pune 1 (stiu), 2 (mediu), 0 (de repetat). Culoarea celulei se schimba automat.
A6: Progres | B6: Statistici automate -- vezi cate fraze stii din total, pe categorii.
A7: Gramatica | B7: Tabel rapid cu toate conjuctiile si pronumele relative. Cu regula de aur.
A8: Plan_Studiu | B8: Plan de 7 zile pentru a invata frazele cu repetitie spatiala.
A10: Sfat | B10: Deschide acelasi fisier in fiecare zi, actualizeaza coloana 'Stiut?' si vezi progresul in tabul 'Progres'.

Sheet Flashcards
A1: # | B1: Categorie | C1: Tema (DE) | D1: Fraza in germana | E1: Traducere romana | F1: Cuvant cheie | G1: Nota gramatica | H1: Stiut? (1=da, 0=nu, 2=mediu) | I1: Repetari | J1: Ultima data
A2: 1 | B2: Nume | C2: Wie ist Ihr Name? | D2: Ich heisse Maria und ich komme aus Rumanien, weil ich dort geboren bin. | E2: Ma numesc Maria si vin din Romania deoarece m-am nascut acolo. | F2: weil | G2: verbul 'bin' la sfarsitul propozitiei secundare | H2: 0 | I2: 0
A3: 2 | B3: Nume | C3: Wie ist Ihr Name? | D3: Wie heissen Sie und woher kommen Sie? | E3: Cum va numiti si de unde veniti? | F3: Sie (formal) | G3: intrebare formala -- Sie + verb la persoana a 3-a plural | H3: 0 | I3: 0
A4: 3 | B4: Documente | C4: Personalien & Dokumente | D4: Ich muss meine Daten angeben, wenn ich ein Formular ausfulle. | E4: Trebuie sa imi dau datele atunci cand completez un formular. | F4: wenn | G4: wenn = cand/daca; verbul 'ausfulle' la sfarsit | H4: 0 | I4: 0
A5: 4 | B5: Documente | C5: Personalien & Dokumente | D5: Ich brauche meinen Ausweis, damit ich mich identifizieren kann. | E5: Am nevoie de buletin/pasaport pentru a ma putea identifica. | F5: damit | G5: damit = ca sa; verb modal 'kann' la sfarsit | H5: 0 | I5: 0
A6: 5 | B6: Persoana | C6: Angaben zur Person | D6: Ich bin 30 Jahre alt und arbeite als Arzt, weil ich Menschen helfen mochte. | E6: Am 30 de ani si lucrez ca medic deoarece vreau sa ajut oamenii. | F6: weil + modal | G6: weil + verb modal 'mochte' la sfarsit; helfen = a ajuta (+ Dat.) | H6: 0 | I6: 0
A7: 6 | B7: Persoana | C7: Angaben zur Person | D7: Ich wohne in einer Stadt, die sehr ruhig ist. | E7: Locuiesc intr-un oras care este foarte linistit. | F7: die (relativ) | G7: die Stadt e feminin in germana; pronume relativ feminin nominativ | H7: 0 | I7: 0
A8: 7 | B8: Familie | C8: Familie | D8: Ich habe eine kleine Familie, weil wir nur zu dritt sind. | E8: Am o familie mica deoarece suntem doar trei persoane. | F8: weil | G8: zu dritt = in trei; weil + verb la sfarsit | H8: 0 | I8: 0
A9: 8 | B9: Familie | C9: Familie | D9: Am Wochenende besuchen wir unsere Eltern, wenn wir Zeit haben. | E9: In weekend ne vizitam parintii daca avem timp. | F9: wenn | G9: Am Wochenende = la sfarsit de saptamana (locativ) | H9: 0 | I9: 0
A10: 9 | B10: Rude | C10: Verwandte | D10: Meine Eltern wohnen auf dem Land, wo es sehr ruhig ist. | E10: Parintii mei locuiesc la tara unde este foarte liniste. | F10: wo | G10: wo = unde (loc); auf dem Land = la tara (Dativ) | H10: 0 | I10: 0
A11: 10 | B11: Rude | C11: Verwandte | D11: Ich habe einen Bruder, der in Deutschland arbeitet. | E11: Am un frate care lucreaza in Germania. | F11: der (relativ) | G11: der = pronume relativ masculin nominativ (frate) | H11: 0 | I11: 0
A12: 11 | B12: Aspect | C12: Aussehen | D12: Er ist gross und hat dunkle Haare, die sehr kurz sind. | E12: El este inalt si are par inchis la culoare care este foarte scurt. | F12: die (plural) | G12: Haare e plural, deci 'die' (pronume relativ plural) | H12: 0 | I12: 0
A13: 12 | B13: Aspect | C13: Aussehen | D13: Sie tragt oft elegante Kleidung, weil sie im Buro arbeitet. | E13: Ea poarta des haine elegante deoarece lucreaza la birou. | F13: weil | G13: tragen -> tragt (3rd p. sg.); im Buro = la birou (in + Dat.) | H13: 0 | I13: 0
... A15: 14 | B15: Caracter | C15: Charakter | D15: Ich mag Menschen, die ehrlich und hilfsbereit sind. | E15: Imi plac oamenii care sunt sinceri si saritori. | F15: die (plural) | G15: die = pronume relativ plural (Menschen e plural) | H15: 0 | I15: 0

Sheet Progres
A1: Statistici de invatare
A3: Total fraze | B3: =COUNTA(Flashcards!A2:A15) -> 14
A4: Fraze stiute (1) | B4: =COUNTIF(Flashcards!H2:H15,1) -> 0
A5: Fraze medii (2) | B5: =COUNTIF(Flashcards!H2:H15,2) -> 0
A6: Fraze de repetat (0) | B6: =COUNTIF(Flashcards!H2:H15,0) -> 14
A7: Procent stiute | B7: =COUNTIF(Flashcards!H2:H15,1)/COUNTA(Flashcards!A2:A15) -> 0
A8: Total repetari | B8: =SUM(Flashcards!I2:I15) -> 0
A11: Pe categorii
A12: Categorie | B12: Total | C12: Stiute | D12: Procent
A13: Nume | B13: =COUNTIF(Flashcards!B2:B15,"Nume") -> 2 | C13: =COUNTIFS(Flashcards!B2:B15,"Nume",Flashcards!H2:H15,1) -> 0 | D13: =IF(B13=0,0,C13/B13) -> 0
A14: Documente | B14: =COUNTIF(Flashcards!B2:B15,"Documente") -> 2 | C14: =COUNTIFS(Flashcards!B2:B15,"Documente",Flashcards!H2:H15,1) -> 0 | D14: =IF(B14=0,0,C14/B14) -> 0
A15: Persoana | B15: =COUNTIF(Flashcards!B2:B15,"Persoana") -> 2 | C15: =COUNTIFS(Flashcards!B2:B15,"Persoana",Flashcards!H2:H15,1) -> 0 | D15: =IF(B15=0,0,C15/B15) -> 0
A16: Familie | B16: =COUNTIF(Flashcards!B2:B15,"Familie") -> 2 | C16: =COUNTIFS(Flashcards!B2:B15,"Familie",Flashcards!H2:H15,1) -> 0 | D16: =IF(B16=0,0,C16/B16) -> 0
A17: Rude | B17: =COUNTIF(Flashcards!B2:B15,"Rude") -> 2 | C17: =COUNTIFS(Flashcards!B2:B15,"Rude",Flashcards!H2:H15,1) -> 0 | D17: =IF(B17=0,0,C17/B17) -> 0
A18: Aspect | B18: =COUNTIF(Flashcards!B2:B15,"Aspect") -> 2 | C18: =COUNTIFS(Flashcards!B2:B15,"Aspect",Flashcards!H2:H15,1) -> 0 | D18: =IF(B18=0,0,C18/B18) -> 0
A19: Caracter | B19: =COUNTIF(Flashcards!B2:B15,"Caracter") -> 2 | C19: =COUNTIFS(Flashcards!B2:B15,"Caracter",Flashcards!H2:H15,1) -> 0 | D19: =IF(B19=0,0,C19/B19) -> 0

Sheet Gramatica
A1: Conjuctii subordonante & propozitii relative -- Referinta rapida
A3: Cuvant | B3: Traducere | C3: Tip | D3: Regula
A4: weil | B4: deoarece, pentru ca | C4: Cauza | D4: Verbul conjugat la sfarsitul propozitiei secundare.
A5: wenn | B5: daca, atunci cand | C5: Conditie/Timp | D5: Verbul la sfarsit. Pentru conditii reale sau actiuni repetate.
A6: damit | B6: ca sa, pentru ca | C6: Scop | D6: Verbul la sfarsit. Folosit cand subiectele difera, sau cu modal.
A7: obwohl | B7: desi, cu toate ca | C7: Concesie | D7: Verbul la sfarsit. Exprima un contrast/contradictie.
A8: der | B8: care (m.) | C8: Pronume relativ | D8: Pentru substantive masculine la nominativ. Verb la sfarsit.
A9: die | B9: care (f./pl.) | C9: Pronume relativ | D9: Pentru subst. feminine la nom. sau orice plural. Verb la sfarsit.
A10: das | B10: care (n.) | C10: Pronume relativ | D10: Pentru substantive neutre la nominativ. Verb la sfarsit.
A11: wo | B11: unde | C11: Adverb relativ | D11: Pentru locuri. Verb la sfarsit.
A12: zu dritt | B12: in trei | C12: Expresie | D12: zu zweit/dritt/viert = in 2/3/4 (oameni).
A13: Sie | B13: dvs. (politete) | C13: Pronume | D13: Forma de politete -- verb la persoana a 3-a plural.
A16: REGULA DE AUR: | B16: In TOATE propozitiile secundare introduse prin weil, wenn, damit, obwohl, der/die/das, wo -- VERBUL CONJUGAT MERGE LA SFARSITUL PROPOZITIEI.

Sheet Plan_Studiu
A1: Plan de studiu pe 7 zile -- repetitie spatiala
A3: Ziua | B3: Activitate | C3: Fraze de focusat
A4: Ziua 1 | B4: Citeste toate frazele cu atentie. Subliniaza conjuctiile. | C4: 1-14 (toate)
A5: Ziua 2 | B5: Flashcards DE -> RO. Marcheaza ce stii vs ce nu. | C5: 1-7 (Nume, Documente, Persoana, Familie)
A6: Ziua 3 | B6: Flashcards DE -> RO continuare + repetare ziua 2. | C6: 8-14 (Familie, Rude, Aspect, Caracter)
A7: Ziua 4 | B7: Quiz multiple choice. Recapitulare conjuctii. | C7: Frazele marcate 0 sau 2
A8: Ziua 5 | B8: Fill-in-the-blank. Concentrare pe weil/wenn/damit/obwohl. | C8: Frazele cu conjuctii dificile
A9: Ziua 6 | B9: Flashcards RO -> DE (mai dificil!). | C9: Toate -- mai ales cele marcate 1
A10: Ziua 7 | B10: Test final mixt. Scrie 3 fraze proprii pe model. | C10: 1-14 + propriile fraze
